timestamp,mac-address,location-id
2015-09-07 23:50:01,aaaaaaaaaaaaaaaaaaaaaaaaaaaaaaaaaaaaaaaa,1010200083
2015-09-07 23:50:01,bbbbbbbbbbbbbbbbbbbbbbbbbbbbbbbbbbbbbbbb,1010200083
2015-09-07 23:59:59,aaaaaaaaaaaaaaaaaaaaaaaaaaaaaaaaaaaaaaaa,1010200083
2015-09-07 23:44:59,bbbbbbbbbbbbbbbbbbbbbbbbbbbbbbbbbbbbbbbb,1010200083
2015-09-07 23:44:59,cccccccccccccccccccccccccccccccccccccccc,1010200083
2015-09-07 23:44:59,dddddddddddddddddddddddddddddddddddddddd,1010200083
2015-09-07 23:44:58,009a33703bf295e67eae820f8e796520ef397017,1010200029
2015-09-08 00:04:59,009b436f28d1201b05f8a92f5f150c0b9b0a307b,1010200029