mac-address,name,password,email,gender
1f9a94a334bc9d9b27c5e03cb82d185cbbd66d26,Aaravamuthan Pillay,abcd1717,aaravamuthan.WONG.2014@business.smu.edu.sg,M
ab2ad3c30de6826f96110bd603278439ae8855ca,Aaron Kong,abcd1716,aaron.WONG.2014@business.smu.edu.sg,F
9f5684541766dda2f4ba77149fd0b2ce9093355b,Aarthi Pillay,abcd1715,aarthi.WONG.2014@accountancy.smu.edu.sg,F
b1dacddd7885b12ac24df17a18bad4e48097e424,Aarya Pillay,abcd1714,aarya.WONG.2014@accountancy.smu.edu.sg,F
3e5a75a2332ab506a83b48c36d9a9407c0e6e0c4,Abel Kong,abcd1713,abel.WONG.2014@sis.smu.edu.sg,M
55ba5e5f96587b548c2a34eebc042260c49f348c,Abigail LAM,abcd1712,abigail.WONG.2014@sis.smu.edu.sg,M
88ecf45908c1f55d463fa76691aaf53dd757a5c4,Abner Kong,abcd1711,abner.WONG.2014@sis.smu.edu.sg,M
520343a531db23a15debc550fc30d5f96af9ebf7,Abraham Kong,abcd1710,abraham.WONG.2014@sis.smu.edu.sg,M
8e360667dac633cd0d6d7078a5536a1dcb239ae1,Ace TAN,abcd1234,ace.2014@sis.smu.edu.sg,M
2175ba4cda5cea24f4f4712b9eb31381afb16853,Ada LAM,abcd1708,ada.WONG.2014@sis.smu.edu.sg,M
59d03b0a9f03fcc6b8836bb0aa5689cee31c8a9d,Adah LAM,abcd1707,adah.WONG.2014@sis.smu.edu.sg,M
c0979f00004c469f063627d7c12d22a9f8defc79,Adalbert Kong,abcd1706,adalbert.WONG.2014@sis.smu.edu.sg,M
e6d1cef7c0c2aabb52dd60ea359cbe8d3b49758b,Adaline LAM,abcd1705,adaline.WONG.2014@sis.smu.edu.sg,M
846afdda919c6e23aa8a9efb445f670e9ff61ac8,Adam Kong,abcd1704,adam.WONG.2014@sis.smu.edu.sg,M
470cb2440ca2cc867a780fe0031060318a967c43,Adela LAM,abcd1703,adela.WONG.2014@sis.smu.edu.sg,F
a5db03ff6b8a15215e3f307e6c5e031d841a144f,Adelaide LAM,abcd1702,adelaide.WONG.2014@sis.smu.edu.sg,F
8bc2ddcba82e150213adc293334a9f8be1b0a195,Adelbert Kong,abcd1701,adelbert.WONG.2014@sis.smu.edu.sg,F
a1f259c24989bb0ea13c628fdd97d6da51921808,Adelia LAM,abcd1700,adelia.WONG.2014@sis.smu.edu.sg,F
411c2e7c0cbb2d46b1fccee3a62cac8aab0c96f7,Adeline LAM,abcd1699,adeline.WONG.2014@sis.smu.edu.sg,F
770b59c956928340e6ae420189311930e9ca5fe1,Adrian Kong,abcd1698,adrian.WONG.2014@sis.smu.edu.sg,F
cf8feb83a5cf0ad730f05f53fb433941aa6c5039,Adriana LAM,abcd1697,adriana.WONG.2014@sis.smu.edu.sg,F
cc3fc7ac0bcbdaca05dfcbdb2ae87ec811842e8f,Adrienne LAM,abcd1696,adrienne.WONG.2014@sis.smu.edu.sg,F
5262ab2a59288e4fc0df9092a623bc32b5a83e2c,Agatha LAM,abcd1695,agatha.WONG.2014@sis.smu.edu.sg,F
d19c88ef5f4e0afe158c685b9a86d64bed8e5c84,Agnes LAM,abcd1694,agnes.WONG.2014@sis.smu.edu.sg,F
3d31de523d2540d282fa590d0b9ed992adcff069,Aidan Kong,abcd1693,aidan.WONG.2014@economics.smu.edu.sg,M
714478e1da5fe62ad45a4c032c43ce4efc660466,Aileen LAM,abcd1692,aileen.WONG.2014@economics.smu.edu.sg,M
6ad9d580610302be3fabfd47b3a784abb10476eb,Akash Pillay,abcd1691,akash.WONG.2014@economics.smu.edu.sg,M
c42197bc8f090272a490b236e6007dcfa6977b2c,Alan Kong,abcd1690,alan.WONG.2014@economics.smu.edu.sg,M
0ab8f9650f16a3168be5f566d136102a43996e9e,Alban Kong,abcd1689,alban.WONG.2014@economics.smu.edu.sg,M
b6d547a4b1330259c23d125dd33db2bec39fd8e5,Albert Kong,abcd1688,albert.WONG.2014@economics.smu.edu.sg,M
5787aafcfc75b37f232fd207ce21d86a933db243,Alberta LAM,abcd1687,alberta.WONG.2014@economics.smu.edu.sg,M
cea8451cea2ba9f5b24570ccb9eaa9f35fb12ea1,Alex Kong,abcd1686,alex.WONG.2014@economics.smu.edu.sg,M
10f1bb576635c648a7d4a23f530ca1de0fd73c01,Alexander Kong,abcd1685,alexander.WONG.2014@economics.smu.edu.sg,M
af1535e3a445cb9fae561a005852a608de254d4a,Alexandra LAM,abcd1684,alexandra.WONG.2014@economics.smu.edu.sg,M
d9da71f1c938bb8f2b4d0e8e69ae0008265594c6,Alexis LAM,abcd1683,alexis.WONG.2014@economics.smu.edu.sg,F
2960e6ce4af8d5584ebd2916821f277153659dd8,Alfred Kong,abcd1682,alfred.WONG.2014@economics.smu.edu.sg,F
433d3c88c3f8ce369c7ceb599d7408585dd4d04a,Alice LAM,abcd1681,alice.WONG.2014@economics.smu.edu.sg,F
b271d5a9ded2a342fd8089c1aa9393d86136ab1a,Alicia LAM,abcd1680,alicia.WONG.2014@economics.smu.edu.sg,F
c9c2cb8dc83ed885ce0259c838967575c3225b47,Aline LAM,abcd1679,aline.WONG.2014@economics.smu.edu.sg,F
ca1c65d8e33bc1a986b83bf5227bbc1cf9b4da7f,Allan Kong,abcd1678,allan.WONG.2014@economics.smu.edu.sg,F
76b94d7f3c48ebb7b5dfbfaefbf91e4de41fa69e,Allen Kong,abcd1677,allen.WONG.2014@economics.smu.edu.sg,F
8886c062c08d4bd9bad621cfd2e4734a6a825ac5,Alma LAM,abcd1676,alma.WONG.2014@economics.smu.edu.sg,F
1b2d1b3c4ecb66f5258c84a5c5d6ec2401e3a256,Aloysius Kong,abcd1675,aloysius.WONG.2014@economics.smu.edu.sg,F
b327b38137b7809be7decf9e6a6b3a93bf5ca0d3,Alphonse Kong,abcd1674,alphonse.WONG.2014@economics.smu.edu.sg,F
4b201d96b2c41f2db791e90386469efb80491778,Alvin Kong,abcd1673,alvin.WONG.2014@law.smu.edu.sg,M
e2c25420527d04bd4800d436059e43b176cb726a,Amanda LAM,abcd1672,amanda.WONG.2014@law.smu.edu.sg,M
9fd7ceaecae1bd1b455845d851dab6b964909d82,Amata LAM,abcd1671,amata.WONG.2014@law.smu.edu.sg,M
c1eba7d02117472f8b6b8082d1c742dc9f4d1a57,Ambrose Kong,abcd1670,ambrose.WONG.2014@law.smu.edu.sg,M
4126bac2b8fa836ca9968871d72b7462192147eb,Amelia LAM,abcd1669,amelia.WONG.2014@law.smu.edu.sg,M
1d0df3c08a1dd9304cafc0227e01c18f51dd4ea6,Amos Kong,abcd1668,amos.WONG.2014@law.smu.edu.sg,M
0ac68000c5e7073f444429e7daa9b0803ebffb00,Amy LAM,abcd1667,amy.WONG.2014@law.smu.edu.sg,M
4d7c1efaefb0e1a5b31d842a7173c3be2aa55dd6,Anastasia LAM,abcd1666,anastasia.WONG.2014@law.smu.edu.sg,M
ddc04c9ae0cbd8c3a09e30d295c5636e3c53fa28,Andrea LAM,abcd1665,andrea.WONG.2014@law.smu.edu.sg,F
62be2d8d234495c136ea848328120a0a4c861755,Andrew Kong,abcd1664,andrew.WONG.2014@law.smu.edu.sg,F
ab003bb4ed1bb8b7f42736c90b4f894b78f6b2a4,Andy WONG,abcd1663,andy.WONG.2014@law.smu.edu.sg,F
316b76e84a195b3f35eb52183ef6319c4c02395b,Angela LAM,abcd1662,angela.WONG.2014@law.smu.edu.sg,F
c4e8aa6601f1249371add4f34f1630a262d70117,Angelica LAM,abcd1661,angelica.WONG.2014@law.smu.edu.sg,F
8ea58fb0f5bee280c8cfbc5e36d79f8fd68acfee,Angeloa Kong,abcd1660,angeloa.WONG.2014@law.smu.edu.sg,F
5872e0ad350648703f13265d367e989cfbee4f29,Angus Kong,abcd1659,angus.WONG.2014@law.smu.edu.sg,F
328a013dbb0cdf7889eab6d14989ab567ffcc3b7,Anita LAM,abcd1658,anita.WONG.2014@law.smu.edu.sg,F
7fcd47f16fd90becd4fa110d0c31d6bf340ce9a5,Ann LAM,abcd1657,ann.WONG.2014@socsc.smu.edu.sg,M
3401dfcc08b463d7f744364569a44a314ff9936e,Anna LAM,abcd1656,anna.WONG.2014@socsc.smu.edu.sg,M
0c37f03f0d410bcf6dbfd2abd4155001b75f18d5,Annabel LAM,abcd1655,annabel.WONG.2014@socsc.smu.edu.sg,M
3aa7bd4e79b3147c85e9d523a8fe119c2e3a01c0,Annabelle LAM,abcd1654,annabelle.WONG.2014@socsc.smu.edu.sg,M
a7961ef28e5be2d25f0351c6681b3f4b7f753cfa,Anne LAM,abcd1653,anne.WONG.2014@socsc.smu.edu.sg,M
966c1114291646f8be750d483cf588e0843f3e3a,Anneliese LAM,abcd1652,anneliese.WONG.2014@socsc.smu.edu.sg,M
057b9507bca597de5890e02d1eb5fd1b692e24e5,Annette LAM,abcd1651,annette.WONG.2014@socsc.smu.edu.sg,M
e43205b02b013ee7e9e6ba3a67a3b6ed3b58d8b9,Annie Fan,abcd1650,annie.WONG.2014@socsc.smu.edu.sg,M
efe93e9b4ef5f494753c9a5a5ef087bb4722b6c3,Anselm Kong,abcd1649,anselm.WONG.2014@socsc.smu.edu.sg,F
d560692220a305072548b84f99e8b72b92195339,Anthony Kong,abcd1648,anthony.WONG.2014@socsc.smu.edu.sg,F
76e7819600e519057d0a54c55713a126a463183c,Antoinette LAM,abcd1647,antoinette.WONG.2014@socsc.smu.edu.sg,F
2fbe06472d9e09714f5bad00b63f59ce07cb1728,Antoinia LAM,abcd1646,antoinia.WONG.2014@socsc.smu.edu.sg,F
2354fba5d38ef7d05e7ea1a8c6db6da7b31043a8,Antony Kong,abcd1645,antony.WONG.2014@socsc.smu.edu.sg,F
a6358bc700a9a24191c19e7f013ceda90342b276,Aquinas Kong,abcd1644,aquinas.WONG.2014@socsc.smu.edu.sg,F
03efb5aafbd7c736c304af7e5e9e11f1b41ab88f,Archibald Kong,abcd1643,archibald.WONG.2014@socsc.smu.edu.sg,F
92d93638bf145be1b54b2cf02fb5a5909025e242,Ariadne LAM,abcd1642,ariadne.WONG.2014@socsc.smu.edu.sg,F
1bfa1e38e75dc1d98b4f0895f65750500b4c5a66,Ariana LAM,abcd1641,ariana.WONG.2013@sis.smu.edu.sg,M
e18437e81ceee552bb92f8d28de07ea7a31109a3,Arlene LAM,abcd1640,arlene.WONG.2013@sis.smu.edu.sg,M
271548c3c7344f5de42ce25768e8426e3c364984,Arline LAM,abcd1639,arline.WONG.2013@sis.smu.edu.sg,M
7d01fe4b3efbec16b760b2c48c4f7e3f5ecc61ae,Arnold Kong,abcd1638,arnold.WONG.2013@sis.smu.edu.sg,M
b133c20e8928495caccabaec3385e72e6da36a9e,Arthur Kong,abcd1637,arthur.WONG.2013@sis.smu.edu.sg,M
cec2862c36983d30bb11c1814ea65cdf059f21e2,Athanasia LAM,abcd1636,athanasia.WONG.2013@sis.smu.edu.sg,M
8a40f889179b94f13b8bc7fda9927db762c5195a,Athanasius Kong,abcd1635,athanasius.WONG.2013@sis.smu.edu.sg,M
89a169de2b704456fe94ef3b97a548f638825468,Aubrey Kong,abcd1634,aubrey.WONG.2013@sis.smu.edu.sg,M
7facdffc9e5d7f830d3804cca0ad655bc63da0d6,Audrey LAM,abcd1633,audrey.WONG.2013@sis.smu.edu.sg,F
92ebdef7ed26bc3a19d5c945c9b9daeefaea8e6d,Augusta LAM,abcd1632,augusta.WONG.2013@sis.smu.edu.sg,F
e794895194390449e7444e46831045fb7a0052a8,Augustine Kong,abcd1631,augustine.WONG.2013@sis.smu.edu.sg,F
a814f66085f3a94b3f84da53cacd71625e17c177,Augustus Kong,abcd1630,augustus.WONG.2013@sis.smu.edu.sg,F
6be369edc9db027410d33b1e55f212a3b05696a7,Aurelia LAM,abcd1629,aurelia.WONG.2013@sis.smu.edu.sg,F
59e49812cde1c13597735c6986de55fe8e02bd5c,Austin Kong,abcd1628,austin.WONG.2013@sis.smu.edu.sg,F
cc4a85667442285992cbd7f9e75e0fa001ea5d5d,Bablu Pillay,abcd1627,bablu.WONG.2013@sis.smu.edu.sg,F
062b6919aa24c7b2a7628db6c5aa0235c6d79ed5,Babu Pillay,abcd1626,babu.WONG.2013@sis.smu.edu.sg,F
34216a8607535fc1a605982526bc39a9bd979ef7,Babul Pillay,abcd1625,babul.WONG.2013@sis.smu.edu.sg,F
e8f341ecfe25185ed0e2c69b836a0ad9eb2c0553,Bala Pillay,abcd1624,bala.WONG.2013@sis.smu.edu.sg,F
4f3648c02ae112e2f3683c2685b8ac280b96c728,Balaram Pillay,abcd1623,balaram.WONG.2013@sis.smu.edu.sg,F
424bec17bfb7b28e9af0a8856d7225e65a0ade1f,Baldwin Kong,abcd1622,baldwin.WONG.2013@sis.smu.edu.sg,F
135b487d3cbc89c2c11cfde23c61ada111b978f9,Balram Pillay,abcd1621,balram.WONG.2013@sis.smu.edu.sg,F
d399096092114f925289dca3b589853a7364939b,Banti Pillay,abcd1620,banti.WONG.2013@sis.smu.edu.sg,F
a956452aad3b605e0fca5e6f24336ffffb4f2aa5,Barbara LAM,abcd1619,barbara.WONG.2013@sis.smu.edu.sg,F
7fafcd4ac7120aa4c7a7ac1fec59da9b42feb0fd,Barnabas Kong,abcd1618,barnabas.WONG.2013@sis.smu.edu.sg,F
7fafcd4ac7120aa4c7a7ac1fec59da9b42feb0fe,Barnaby Kong,abcd1617,barnaby.WONG.2014@sis.smu.edu.sg,M
1ff866e71e9fd6d2ab3ce99c44e1be725e79dcf1,Bartholomew Kong,abcd1616,bartholomew.WONG.2014@sis.smu.edu.sg,M
6f005f7b2f56616c0faa1d819c42ced7437664f7,Basanti Pillay,abcd1615,basanti.WONG.2014@sis.smu.edu.sg,M
88dec4dc8140c033d97eed866ba932c5ac7accfa,Basil Kong,abcd1614,basil.WONG.2014@sis.smu.edu.sg,M
262e5b6fa933e66d523221389f9c31cb60a0a9fa,Beatrice LAM,abcd1613,beatrice.WONG.2014@sis.smu.edu.sg,M
9cd983272ab5bd9bec698832fa13367305291947,Beatrix LAM,abcd1612,beatrix.WONG.2014@sis.smu.edu.sg,M
2913280a7a28dabe6f82c93eadfc80731ee1b0da,Becket Kong,abcd1611,becket.WONG.2014@sis.smu.edu.sg,M
a0083d27353c0fe01d7c7b2cbeb34b8be02ca5bc,Bede Kong,abcd1610,bede.WONG.2014@sis.smu.edu.sg,M
76b00ffbbbc02e4d6e029cbfd7b448d0895368b1,Beena Pillay,abcd1609,beena.WONG.2014@sis.smu.edu.sg,M
c36cb1d314413b8501cb72e486b682149232203f,Belinda LAM,abcd1608,belinda.WONG.2014@sis.smu.edu.sg,M
ec3e10d151b76c1d376f4ae1e111a9f5f849a3fc,Bella LAM,abcd1607,bella.WONG.2014@sis.smu.edu.sg,M
cf5b46565bebf465bed156445fc00200dba89c60,Belle LAM,abcd1606,belle.WONG.2014@sis.smu.edu.sg,M
636bc967f7cc6cdfe6fd80eb994cd9edcb863c7d,Benedict Kong,abcd1605,benedict.WONG.2014@sis.smu.edu.sg,M
8f394d143dfb7c52a75391fee7f6833c158038c1,Benjamin Fan,abcd1604,benjamin.WONG.2014@sis.smu.edu.sg,M
1eeca03d1958140fc722cf873f464d6475e68e4e,Benjamin Kong,abcd1603,benjamin2.WONG.2014@sis.smu.edu.sg,M
d71289e5845b02a5cd2b80b0c1d4a13f48dbc1eb,Bennet Kong,abcd1602,bennet.WONG.2014@sis.smu.edu.sg,M
1b74ec097d3ef85fbfeb8f9b50e4605b04320cdd,Bennett Kong,abcd1601,bennett.WONG.2014@sis.smu.edu.sg,M
f2c3b80534feef56f2357536fad928557f57495d,Berenice LAM,abcd1600,berenice.WONG.2014@sis.smu.edu.sg,M
edb5b1f323419ce108f18f901f5d083eb3b7f046,Bernadette LAM,abcd1599,bernadette.WONG.2014@sis.smu.edu.sg,M
d65ed5e3fbfdcf12450a79c9026794427f98d8e2,Bernadine LAM,abcd1598,bernadine.WONG.2014@sis.smu.edu.sg,M
377821a525f00e18641a9abae9f369d67b44d7ec,Bernard Kong,abcd1597,bernard.WONG.2014@sis.smu.edu.sg,M
a55ae34ed7728e64edf0f48e190f5fe004a001c7,Bernice LAM,abcd1596,bernice.WONG.2014@sis.smu.edu.sg,M
393e640d6cd7ab0852e70c017d22de179a143a33,Bertha LAM,abcd1595,bertha.WONG.2014@sis.smu.edu.sg,M
f112ac6e37083308ca297de97fa459adf621e60d,Bertram Kong,abcd1594,bertram.WONG.2014@sis.smu.edu.sg,M
518c492c4fa8c03c3b9075304c2639b7b22b8d3b,Bertrand Kong,abcd1593,bertrand.WONG.2014@sis.smu.edu.sg,M
55d0d336871e310223d0029ea82ba99ff829b51e,Bess LAM,abcd1592,bess.WONG.2014@sis.smu.edu.sg,M
202a1ec0504959d994a7ed22cd51b666fc9526d4,Beth LAM,abcd1591,beth.WONG.2014@sis.smu.edu.sg,M
de8eff27c728e851adedd12c1ac0bf52b8f42f00,Betsy LAM,abcd1590,betsy.WONG.2014@sis.smu.edu.sg,M
e9eb02fe9d32cebf824ef6178fa649f9d08bac4d,Betty LAM,abcd1589,betty.WONG.2014@sis.smu.edu.sg,M
aaaaaaaaaaaaaaaaaaaaaaaaaaaaaaaaaaaaaaaa,Abs LAM,abcd1588,abs.2014@sis.smu.edu.sg,M
bbbbbbbbbbbbbbbbbbbbbbbbbbbbbbbbbbbbbbbb,Busy LAM,abcd1587,busy.2014@sis.smu.edu.sg,M
cccccccccccccccccccccccccccccccccccccccc,Corn LAM,abcd1586,corn.2014@sis.smu.edu.sg,M
dddddddddddddddddddddddddddddddddddddddd,Debt Pillay,abcd1585,debt.2014@sis.smu.edu.sg,M
eeeeeeeeeeeeeeeeeeeeeeeeeeeeeeeeeeeeeeee,Elf Pillay,abcd1584,elf.2014@sis.smu.edu.sg,M
ffffffffffffffffffffffffffffffffffffffff,Bill Kong,abcd1583,bill.WONG.2014@sis.smu.edu.sg,M
a111111111111111111111111111111111111111,Billy WONG,abcd1582,billy.WONG.2014@sis.smu.edu.sg,M
a222222222222222222222222222222222222222,Blaise Kong,abcd1581,blaise.WONG.2014@sis.smu.edu.sg,M
a333333333333333333333333333333333333333,Blanch LAM,abcd1580,blanch.WONG.2014@sis.smu.edu.sg,M
a444444444444444444444444444444444444444,Blanche LAM,abcd1579,blanche.WONG.2014@sis.smu.edu.sg,M
a555555555555555555555555555555555555555,Blase Kong,abcd1578,blase.WONG.2014@sis.smu.edu.sg,M
