mac-address,name,password,email,gender,cca
0802000052ea158a6158cf6d7af56b5649d3f29c,Sean TAN,asdf0000,sean.tan.2011@business.smu.edu.sg,m,Film Society
045ddbd7c3b0a1b079be82dddf2dc0a15a174fd1,Shaun TAN,asdf0001,shaun.tan.2011@socsc.smu.edu.sg,f,Film Society
045E923fe1400831fd8f38dc43917f1062f9367f,Shawn TAN,asdf0002,shawn.tan.2015@economics.smu.edu.sg,M,Film Society
cf09c9d483fc0743838cbd01486806ba9cb7241#,Ethan TAN,asdf0020,ethan.tan.2015@business.smu.edu.sg,M,Film Society
051572d613e0491a6ee02e3d5baece1072d3763d,Dylan TAN,asdf 021,dylan.tan.2013@business.smu.edu.sg,M,Film Society
0286d5fe55860c6c07936ea851c9faddcf66f90d,Alex TAN,asdf002,alex.tan.2012@law.smu.edu.sg,M,Film Society
032f97a184bb73173416d96ac413d7ea868d6c15,Calvin TAN,asdf0022,calvin.tan.2014@siss.smu.edu.sg,M,Film Society
0681039f93824ded81a88ef0cb37515cf7706231,Vincent TAN,asdf0024,vincent.tan.2010@sis.smu.edu.sg,M,123
0ffeea5708c4ea03b5056a047b3ad3a4ca45b8c1,Danial TAN,asdf0025,danial.tan@2011@economics.smu.edu.sg,M,!!!
0948c205201af98f2d52bbad05a697db411ab0a2,Edison TAN,asdf0023,edison.tan.2013@sis.smu.edu.sg,L,###
0286d5fe55860c6c07936ea851c9faddcf66f90d,Alex TAN,asdf0026,alex.tan.2012@law.smu.edu.sg,M,aaaaaaaaaabbbbbbbbbbccccccccccddddddddddeeeeeeeeeeffffffffffgggg
