mac-address,name,password,email,gender
0f9a94a334bc9d9b27c5e0gcb82d185cbbd66d26,Aaravamuthan Pillay,abcd1717,aaravamuthan.WONG.2014@business.smu.edu.sg,M
ab2ad3c30de6826f96110bd603278439ae8855ca,Aaron Kong,abcd171,aaron.WONG.2014@accountancy.smu.edu.sg,F
9f5684541766dda2f4ba77149fd0b2ce9093355b,Aarthi Pillay,abcd1 15,aarthi.WONG.2015@accountancy.smu.edu.sg,S
9f5684541766dda2f4ba77149fd0b2ce9093355,Aarthi Pillay,abcd1115,aarthi.WONG.2014@accountancy.smu.edu.sg,F
b1dacddd7885b12ac23df17a18bad4e48097e424,Aarya Pillay,abcd1714,aarya.2014@accountancy.smu.edu.sg,M
